Flat Products,Long Products,Pipe and Tube Products,Semi-finished Products,Stainless Products
720810,721310,730410,720610,721810
720825,721320,730419,720690,721891
720826,721391,730421,720711,721899
720827,721399,730423,720712,721911
720836,721410,730429,720719,721912
720837,721420,730431,720720,721913
720838,721430,730439,722410,721914
720839,721491,730451,722490,
720840,721499,730459,,
720851,721510,730490,,
720852,721550,730511,,
720853,721590,730512,,
720854,721610,730519,,
720890,721621,730520,,
720915,721622,730531,,
720916,721631,730539,,
720917,721632,730590,,
720918,721633,730610,,
720925,721640,730619,,
720926,721650,730620,,
720927,721699,730629,,
720928,721710,730630,,
720990,721720,730650,,
721011,721730,730660,,
721012,721790,730661,,
721020,722620,730669,,
721030,722710,730690,,
721041,722720,,,
721049,722790,,,
721050,722810,,,
721061,722820,,,
721069,722830,,,
721070,722840,,,
721090,722850,,,
721113,722860,,,
721114,722870,,,
721119,722880,,,
721123,722920,,,
721129,722990,,,
721190,730110,,,
721210,730210,,,
721220,730240,,,
721230,730290,,,
721240,722520,,,
721250,722910,,,
721260,,,,
722511,,,,
722519,,,,
722530,,,,
722540,,,,
722550,,,,
722591,,,,
722592,,,,
722599,,,,
722611,,,,
722619,,,,
722691,,,,
722692,,,,
722699,,,,
722693,,,,
722694,,,,
